thread_id,timestamp,user_query,response
1,08:42:41,"heylooo miiiiiiii frenda 
",Hey there! How's it going? ðŸ˜Š
1,08:43:35,"what are the capabilities  do you have or how can you help me
","I can assist you in various ways, including:

1. **Information Retrieval**: I can look up current events, facts, and data on a wide range of topics.
2. **Travel Assistance**: I can provide information about airlines, travel policies, and destinations.
3. **Story Lookup**: I can find and summarize fictional stories or provide details about specific narratives.
4. **Database Queries**: I can access specific databases for detailed information, such as music, travel, or other structured data.
5. **General Questions**: I can answer questions, provide explanations, and help with problem-solving.

If you have something specific in mind, just let me know!"
1,08:44:18,"wow that is beatiful
","Thank you! I'm glad you think so! If there's anything specific you'd like to know or discuss, feel free to ask. ðŸ˜Š"
1,08:54:38,"hello
",Hello! How can I assist you today?
1,09:13:20,"want to cut a ticket
","Could you please provide me with more details about your ticket? Specifically, I need to know:

1. Your departure and arrival cities.
2. Travel dates.
3. Any specific airline preference.
4. Number of passengers.
5. Any other special requests or requirements.

With this information, I can help you better!"
1,09:13:55,i am any airplanes  that ican book ,"It seems that I'm unable to access the available flights information at the moment. However, I can help you find flights through a search engine. Could you please provide me with the following details?

1. Departure city.
2. Arrival city.
3. Travel dates.
4. Number of passengers.

With this information, I can look up available flights for you!"
1,09:14:27,,It looks like your message didn't come through. Could you please provide the details about your flight preferences again? Thank you!
1,09:15:10,"what information we have in the database
","It seems that I'm currently unable to retrieve information about the database tables. However, I can assist you with specific queries related to travel, flights, or any other information you might need.

If you have a specific question or request, please let me know, and I'll do my best to help!"
1,09:17:15,,"It seems like your message didn't come through again. If you have any questions or need assistance, please feel free to type it out! I'm here to help."
1,09:18:16,in chinok databse list the total sales per countr and which spent more,"Here are the total sales per country from the Chinook database:

1. **USA**: $523.06
2. **Canada**: $303.96
3. **France**: $195.10
4. **Brazil**: $190.10
5. **Germany**: $156.48

The country that spent the most is the **USA** with total sales of **$523.06**. If you need more information or further analysis, feel free to ask!"
